{"jplag_version":{"major":5,"minor":1,"patch":0},"submission_folder_path":["/var/home/me/rusbes/cideclasse/tmp/ajgj8b1qnf"],"base_code_folder_path":"","language":"Python3 Parser","file_extensions":[".py"],"submission_id_to_display_name":{"bell_vogais.py":"bell_vogais.py","bob_vogais.py":"bob_vogais.py"},"submission_ids_to_comparison_file_name":{"bell_vogais.py":{"bob_vogais.py":"bell_vogais.py-bob_vogais.py.json"},"bob_vogais.py":{"bell_vogais.py":"bell_vogais.py-bob_vogais.py.json"}},"failed_submission_names":[],"excluded_files":[],"match_sensitivity":12,"date_of_execution":"04/11/24","execution_time":66,"distributions":{"AVG":[1,0,0,0,0,0,0,0,0,0,0,0,0,0,0,0,0,0,0,0,0,0,0,0,0,0,0,0,0,0,0,0,0,0,0,0,0,0,0,0,0,0,0,0,0,0,0,0,0,0,0,0,0,0,0,0,0,0,0,0,0,0,0,0,0,0,0,0,0,0,0,0,0,0,0,0,0,0,0,0,0,0,0,0,0,0,0,0,0,0,0,0,0,0,0,0,0,0,0,0],"MAX":[1,0,0,0,0,0,0,0,0,0,0,0,0,0,0,0,0,0,0,0,0,0,0,0,0,0,0,0,0,0,0,0,0,0,0,0,0,0,0,0,0,0,0,0,0,0,0,0,0,0,0,0,0,0,0,0,0,0,0,0,0,0,0,0,0,0,0,0,0,0,0,0,0,0,0,0,0,0,0,0,0,0,0,0,0,0,0,0,0,0,0,0,0,0,0,0,0,0,0,0]},"top_comparisons":[{"first_submission":"bell_vogais.py","second_submission":"bob_vogais.py","similarities":{"AVG":1.0,"MAX":1.0}}],"clusters":[],"total_comparisons":1}